descripcion,id,pregunta
,[0],converting np.array to a supported type tensorflow raspberry pi
,[1],Express (NodeJS) more cores vs. more nodes? (With Analysis and Examples)
,[2],"GroupBy Column1, then get all elements with the first/last element on Column2 (Python)"
,[3],Setting the default value inside the input field in the antd library after calling the function in useEffect
,[4],SCSS styling not applied to classes in Vue app
,[5],Apache kafka error on windows 10: kafka-topics.bat file gives syntax error
,[6],Add data to owl file with SPARQL using Protege
,[7],No changes done by static function in HTML in Django
,[8],Error with unnest_token while cleaning up tweets data in RStudio
,[9],Debounce in React es6
,[10],My wordpress theme css files are not working
,[11],How to update the tableViewCell height after fetching the image?
,[12],how to set custom UIImage to tabbar item
,[13],Are there any Dependencies for screen mirroring for Android App?
,[14],Obj-C - Can't access values in NSArray?
,[15],IDE says Navbar spelling is in correct
,[16],Do Firebase Cloud Functions run off of the main thread in Android?
,[17],I want to be a python web developer. SO what I should learn first? And what is the process for being a complete web developer? [closed]
,[18],What is wrong with this class?
,[19],Bootstrap grid columns don't wrap as expected
,[20],Alexa Recursive Intent Delegation when using Confirmations
,[21],graph a chi-square with 1 degree of freedom with ggplot
,[22],Postgres table fails to alter
,[23],MongoDB not initializing when app is hosted on Heroku
,[24],How implement Batch Norm with SWA in Tensorflow?
,[25],How do you incorporate context menu to only one element of a tableView?
,[26],I get an URL and 404 in console of development tool in jsbin [screenshot] [closed]
,[27],LinearLayout in a RecyclerView doesn't scroll
,[28],"problems to set a data frame using dplyr, tidyr. data.table and reshape"
,[29],Deno: Intercept Module Loading/Importing?
,[30],Why use React setState updater arguments?
,[31],Python XML Parsing CDs
,[32],Proxy Detected Issue with SDKMan
,[33],Grey Screen when I run my code but background music still plays
,[34],How can i get file directory of usb device afer detect it when i placed in raspberry pi in python?
,[35],Hide play button when video is not autoplaying
,[36],How can create multiple filters using Uikit?
,[37],Moving player around long cube in Unity3D
,[38],Twilio Functions - accessing incoming message info
,[39],Deno: Can you Intercept Module Loading/Importing?
,[40],How do you include git ignored files in VSCode quick search
,[41],Repeatedly used 2D array in a Fortran 90 subroutine
,[42],Why elasticsearch indexing work so weirdly?
,[43],An appropriate way to work with retrieved Core Data Objects
,[44],TTN_NEEDTEXTW receives twice for one tooltip popup
,[45],I have internet but I get “Failed to connect to internet”
,[46],"Trying to group taxi trips taken by date, hour, location etc. in R"
,[47],validations in class does not work with set
,[48],.NET Core 3.1 cannot find model because it searches in the wrong location
,[49],Nativescript access a local API via tns preview
